[
  {
    "id": "473ab2f0-0b29-4264-8466-f7650bd5bfb4",
    "data": [
      {
        "text": "How many items are the to choose from?",
        "userDefined": false
      }
    ],
    "isTemplate": false,
    "count": 0,
    "lang": "en",
    "updated": 0
  },
  {
    "id": "db34e331-ec91-4d7c-923a-f4794f28906e",
    "data": [
      {
        "text": "What can I buy here?",
        "userDefined": false
      }
    ],
    "isTemplate": false,
    "count": 0,
    "lang": "en",
    "updated": 0
  },
  {
    "id": "ad9d34bb-b469-43d6-a02d-32f66c20ff9c",
    "data": [
      {
        "text": "How big is your inventory?",
        "userDefined": false
      }
    ],
    "isTemplate": false,
    "count": 0,
    "lang": "en",
    "updated": 0
  },
  {
    "id": "681660ce-532c-4103-a386-1fc731b0cc8d",
    "data": [
      {
        "text": "How many products are available?",
        "userDefined": false
      }
    ],
    "isTemplate": false,
    "count": 0,
    "lang": "en",
    "updated": 0
  },
  {
    "id": "eff477c2-41ca-46bd-abf5-d9ad98488b21",
    "data": [
      {
        "text": "What is the price of the items you sell?",
        "userDefined": false
      }
    ],
    "isTemplate": false,
    "count": 0,
    "lang": "en",
    "updated": 0
  },
  {
    "id": "ab4b8466-cf65-4d77-94aa-68eb6bba1f0f",
    "data": [
      {
        "text": "How much do your goods cost?",
        "userDefined": false
      }
    ],
    "isTemplate": false,
    "count": 0,
    "lang": "en",
    "updated": 0
  },
  {
    "id": "f5e67c5f-e949-435d-8797-4952eeb786c2",
    "data": [
      {
        "text": "How many items do you sell?",
        "userDefined": false
      }
    ],
    "isTemplate": false,
    "count": 0,
    "lang": "en",
    "updated": 0
  }
]