[
  {
    "id": "fe264718-7f0e-44e3-b7b6-007f65d817a1",
    "data": [
      {
        "text": "What is your return policy",
        "userDefined": false
      }
    ],
    "isTemplate": false,
    "count": 0,
    "lang": "en",
    "updated": 0
  },
  {
    "id": "4c2f1dbb-0b6f-40ff-a585-0f93a79f085a",
    "data": [
      {
        "text": "In what cities are your locations?",
        "userDefined": false
      }
    ],
    "isTemplate": false,
    "count": 0,
    "lang": "en",
    "updated": 0
  },
  {
    "id": "58cb1439-0289-4540-a468-08b95268ef21",
    "data": [
      {
        "text": "What are the working hours of IKEA",
        "userDefined": false
      }
    ],
    "isTemplate": false,
    "count": 0,
    "lang": "en",
    "updated": 0
  },
  {
    "id": "aa0cce27-9a07-4442-9b21-8cbbb1d90500",
    "data": [
      {
        "text": "When is the store open?",
        "userDefined": false
      }
    ],
    "isTemplate": false,
    "count": 0,
    "lang": "en",
    "updated": 0
  },
  {
    "id": "d5af2757-a67a-47d6-a595-f38e66275bdb",
    "data": [
      {
        "text": "When is IKEA open?",
        "userDefined": false
      }
    ],
    "isTemplate": false,
    "count": 0,
    "lang": "en",
    "updated": 0
  },
  {
    "id": "dcb81942-99a2-43ee-a518-0b1a96f9d942",
    "data": [
      {
        "text": "Where are your physical locations?",
        "userDefined": false
      }
    ],
    "isTemplate": false,
    "count": 0,
    "lang": "en",
    "updated": 0
  },
  {
    "id": "f17e3b0f-431d-44e5-8e8d-a1723dda28df",
    "data": [
      {
        "text": "Can I speak with a human?",
        "userDefined": false
      }
    ],
    "isTemplate": false,
    "count": 0,
    "lang": "en",
    "updated": 0
  },
  {
    "id": "93e317c0-ee2a-4178-bffe-1a8e5e75e646",
    "data": [
      {
        "text": "What is your phone number?",
        "userDefined": false
      }
    ],
    "isTemplate": false,
    "count": 0,
    "lang": "en",
    "updated": 0
  },
  {
    "id": "c3c96611-0fa9-42ba-be9a-9399ff59294d",
    "data": [
      {
        "text": "Where to find more information?",
        "userDefined": false
      }
    ],
    "isTemplate": false,
    "count": 0,
    "lang": "en",
    "updated": 0
  },
  {
    "id": "d57a81fa-c854-4816-abd0-90f7a170e6e8",
    "data": [
      {
        "text": "How can I contact you?",
        "userDefined": false
      }
    ],
    "isTemplate": false,
    "count": 0,
    "lang": "en",
    "updated": 0
  },
  {
    "id": "9c5899d4-0b50-4613-96d3-1c832dda962a",
    "data": [
      {
        "text": "How can I contact you",
        "userDefined": false
      }
    ],
    "isTemplate": false,
    "count": 0,
    "lang": "en",
    "updated": 0
  }
]