[
  {
    "id": "9670ee21-2484-47a0-83a1-81bb47ead97d",
    "data": [
      {
        "text": "How does this chat work?",
        "userDefined": false
      }
    ],
    "isTemplate": false,
    "count": 0,
    "lang": "en",
    "updated": 0
  },
  {
    "id": "394c7837-be62-446c-b6e9-26f9472c7aa0",
    "data": [
      {
        "text": "Do you understand me?",
        "userDefined": false
      }
    ],
    "isTemplate": false,
    "count": 0,
    "lang": "en",
    "updated": 0
  },
  {
    "id": "7d8bedb4-d70c-4a12-8dd0-57ba51b4522a",
    "data": [
      {
        "text": "How does this service work?",
        "userDefined": false
      }
    ],
    "isTemplate": false,
    "count": 0,
    "lang": "en",
    "updated": 0
  },
  {
    "id": "2bb7d975-cc89-4b4e-a4e8-00018f5bd48e",
    "data": [
      {
        "text": "Is this a chatbot?",
        "userDefined": false
      }
    ],
    "isTemplate": false,
    "count": 0,
    "lang": "en",
    "updated": 0
  },
  {
    "id": "16cc8e04-1d59-4209-b9e1-be591156fa60",
    "data": [
      {
        "text": "Am I talking to a human?",
        "userDefined": false
      }
    ],
    "isTemplate": false,
    "count": 0,
    "lang": "en",
    "updated": 0
  },
  {
    "id": "d3f59547-bc71-42aa-9e06-c775e07084a4",
    "data": [
      {
        "text": "What is this service for?",
        "userDefined": false
      }
    ],
    "isTemplate": false,
    "count": 0,
    "lang": "en",
    "updated": 0
  },
  {
    "id": "f614ca64-e9a8-48d4-90ff-0f072bebbeda",
    "data": [
      {
        "text": "Where am I?",
        "userDefined": false
      }
    ],
    "isTemplate": false,
    "count": 0,
    "lang": "en",
    "updated": 0
  },
  {
    "id": "c0a4b343-0e07-458d-abc5-95b5aa2873e9",
    "data": [
      {
        "text": "What is this?",
        "userDefined": false
      }
    ],
    "isTemplate": false,
    "count": 0,
    "lang": "en",
    "updated": 0
  }
]