[
  {
    "id": "2d2906e7-6e97-448b-bbff-1dab5b6d8484",
    "data": [
      {
        "text": "I would like to take a look at the rest of the ",
        "userDefined": false
      },
      {
        "text": "serveware",
        "meta": "@category",
        "alias": "category",
        "userDefined": true
      }
    ],
    "isTemplate": false,
    "count": 0,
    "lang": "en",
    "updated": 0
  },
  {
    "id": "794afa70-fadb-41af-9211-8a05f1eab516",
    "data": [
      {
        "text": "What is the URL for the ",
        "userDefined": false
      },
      {
        "text": "rugs",
        "meta": "@category",
        "alias": "category",
        "userDefined": false
      },
      {
        "text": " you sell?",
        "userDefined": false
      }
    ],
    "isTemplate": false,
    "count": 0,
    "lang": "en",
    "updated": 0
  },
  {
    "id": "980da27d-ca8f-4d01-ae36-380f6c0f4531",
    "data": [
      {
        "text": "Where can I find more ",
        "userDefined": false
      },
      {
        "text": "towels",
        "meta": "@category",
        "alias": "category",
        "userDefined": false
      },
      {
        "text": "?",
        "userDefined": false
      }
    ],
    "isTemplate": false,
    "count": 0,
    "lang": "en",
    "updated": 0
  },
  {
    "id": "751a53b3-f168-449a-9f7c-51fb45dfe61c",
    "data": [
      {
        "text": "What is the link to the rest of the ",
        "userDefined": false
      },
      {
        "text": "mirrors",
        "meta": "@category",
        "alias": "category",
        "userDefined": false
      },
      {
        "text": "?",
        "userDefined": false
      }
    ],
    "isTemplate": false,
    "count": 0,
    "lang": "en",
    "updated": 0
  },
  {
    "id": "3b2bf268-15dd-4810-8033-a5585d0c7e28",
    "data": [
      {
        "text": "Are the any more of ",
        "userDefined": false
      },
      {
        "text": "cutlery",
        "meta": "@category",
        "alias": "category",
        "userDefined": false
      },
      {
        "text": " for sale?",
        "userDefined": false
      }
    ],
    "isTemplate": false,
    "count": 0,
    "lang": "en",
    "updated": 0
  },
  {
    "id": "212f8029-eb9c-40d3-8099-f25c9ccb77a3",
    "data": [
      {
        "text": "I would like to take a look at the rest of the ",
        "userDefined": false
      },
      {
        "text": "beds",
        "meta": "@category",
        "alias": "category",
        "userDefined": false
      }
    ],
    "isTemplate": false,
    "count": 0,
    "lang": "en",
    "updated": 0
  },
  {
    "id": "abdc42df-7836-46b6-8ffc-20b9421d89e3",
    "data": [
      {
        "text": "Where can I find all the ",
        "userDefined": false
      },
      {
        "text": "carpets",
        "meta": "@category",
        "alias": "category",
        "userDefined": false
      },
      {
        "text": "?",
        "userDefined": false
      }
    ],
    "isTemplate": false,
    "count": 0,
    "lang": "en",
    "updated": 0
  }
]