[
  {
    "id": "2efb156b-a4bd-4ffc-bd6f-ce10f1a23be3",
    "data": [
      {
        "text": "Random ",
        "userDefined": false
      },
      {
        "text": "x-mas",
        "userDefined": false
      },
      {
        "text": " item",
        "userDefined": false
      }
    ],
    "isTemplate": false,
    "count": 0,
    "lang": "en",
    "updated": 0
  },
  {
    "id": "052bedfe-1cbd-4796-b94e-ae7ae1853942",
    "data": [
      {
        "text": "Christmas item",
        "userDefined": false
      }
    ],
    "isTemplate": false,
    "count": 0,
    "lang": "en",
    "updated": 0
  },
  {
    "id": "3764d08a-c440-4552-bffd-bdc43376ca24",
    "data": [
      {
        "text": "Shoe me a random christmas item",
        "userDefined": false
      }
    ],
    "isTemplate": false,
    "count": 0,
    "lang": "en",
    "updated": 0
  },
  {
    "id": "45f030da-99e0-4b7c-834d-f3699e9e0b6a",
    "data": [
      {
        "text": "Random",
        "userDefined": false
      },
      {
        "text": " christmas item",
        "userDefined": false
      }
    ],
    "isTemplate": false,
    "count": 0,
    "lang": "en",
    "updated": 0
  },
  {
    "id": "5ac9a411-55f8-40ea-b7f5-956bf6ccc1ff",
    "data": [
      {
        "text": "Random",
        "userDefined": false
      },
      {
        "text": " gift",
        "userDefined": false
      }
    ],
    "isTemplate": false,
    "count": 0,
    "lang": "en",
    "updated": 0
  },
  {
    "id": "b918cd47-06b8-4a6b-970c-49c00cbc1ac8",
    "data": [
      {
        "text": "Show me a gift",
        "userDefined": false
      }
    ],
    "isTemplate": false,
    "count": 0,
    "lang": "en",
    "updated": 0
  },
  {
    "id": "1b1a99b9-9ac0-4261-8c5e-50bf74be31ca",
    "data": [
      {
        "text": "Show me a ",
        "userDefined": false
      },
      {
        "text": "random",
        "userDefined": false
      },
      {
        "text": " christmas item",
        "userDefined": false
      }
    ],
    "isTemplate": false,
    "count": 0,
    "lang": "en",
    "updated": 0
  },
  {
    "id": "b5e79716-d445-47a7-94ec-53e0d29e1180",
    "data": [
      {
        "text": "What christmas items do you have?",
        "userDefined": false
      }
    ],
    "isTemplate": false,
    "count": 0,
    "lang": "en",
    "updated": 0
  },
  {
    "id": "ac12639c-d5c1-49b5-bca7-ea6c6203f84c",
    "data": [
      {
        "text": "What gifts do you have?",
        "userDefined": false
      }
    ],
    "isTemplate": false,
    "count": 0,
    "lang": "en",
    "updated": 0
  },
  {
    "id": "4214259c-63ef-410d-9267-024cd23e761a",
    "data": [
      {
        "text": "I would like to see a gift",
        "userDefined": false
      }
    ],
    "isTemplate": false,
    "count": 0,
    "lang": "en",
    "updated": 0
  },
  {
    "id": "344257ff-13a6-4acb-81a9-59814003b9ed",
    "data": [
      {
        "text": "Show me a ",
        "userDefined": false
      },
      {
        "text": "random",
        "userDefined": false
      },
      {
        "text": " gift",
        "userDefined": false
      }
    ],
    "isTemplate": false,
    "count": 0,
    "lang": "en",
    "updated": 0
  }
]