[
  {
    "id": "cf6f79a9-6fcb-4764-9d26-36a70c45aa7e",
    "data": [
      {
        "text": "Example of what you sell",
        "userDefined": false
      }
    ],
    "isTemplate": false,
    "count": 0,
    "lang": "en",
    "updated": 0
  },
  {
    "id": "2d9d8fa1-f5e9-493f-bf3e-8c9aeffa1be5",
    "data": [
      {
        "text": "Give me a ",
        "userDefined": false
      },
      {
        "text": "random",
        "userDefined": false
      },
      {
        "text": " item",
        "userDefined": false
      }
    ],
    "isTemplate": false,
    "count": 0,
    "lang": "en",
    "updated": 0
  },
  {
    "id": "e48dbb54-2d19-41ac-97ee-fdd14b41f651",
    "data": [
      {
        "text": "Give me an example item",
        "userDefined": false
      }
    ],
    "isTemplate": false,
    "count": 0,
    "lang": "en",
    "updated": 0
  },
  {
    "id": "24cb3e47-2502-45c5-a66a-a7bb8dfb5035",
    "data": [
      {
        "text": "Sell me anything",
        "userDefined": false
      }
    ],
    "isTemplate": false,
    "count": 0,
    "lang": "en",
    "updated": 0
  },
  {
    "id": "02d6f616-28a0-4e8d-9def-121ef0f3ff0f",
    "data": [
      {
        "text": "Random",
        "userDefined": false
      },
      {
        "text": " item",
        "userDefined": false
      }
    ],
    "isTemplate": false,
    "count": 0,
    "lang": "en",
    "updated": 0
  },
  {
    "id": "1ba0ea97-72ce-4044-8389-cccfc6449010",
    "data": [
      {
        "text": "Show me anything",
        "userDefined": false
      }
    ],
    "isTemplate": false,
    "count": 0,
    "lang": "en",
    "updated": 0
  },
  {
    "id": "a0da9b7e-f1f9-462f-adc8-30b1e45ab6d5",
    "data": [
      {
        "text": "Example item",
        "userDefined": false
      }
    ],
    "isTemplate": false,
    "count": 0,
    "lang": "en",
    "updated": 0
  },
  {
    "id": "cac83115-74f8-430c-8f87-26877c10cea9",
    "data": [
      {
        "text": "Show me any item",
        "userDefined": false
      }
    ],
    "isTemplate": false,
    "count": 0,
    "lang": "en",
    "updated": 0
  },
  {
    "id": "6282d60c-9da0-47e8-9bf9-8e27bb277e0a",
    "data": [
      {
        "text": "Show me a ",
        "userDefined": false
      },
      {
        "text": "random",
        "userDefined": false
      },
      {
        "text": " item",
        "userDefined": false
      }
    ],
    "isTemplate": false,
    "count": 0,
    "lang": "en",
    "updated": 0
  }
]