[
  {
    "id": "36ddc6f9-2482-4820-aaa8-62b028016db4",
    "data": [
      {
        "text": "I would like to see the one that is the ",
        "userDefined": false
      },
      {
        "text": "cheapest",
        "meta": "@price_status",
        "alias": "price_status",
        "userDefined": true
      }
    ],
    "isTemplate": false,
    "count": 0,
    "lang": "en",
    "updated": 0
  },
  {
    "id": "d9b6ac5d-73e4-4e26-a8c9-301504d6842d",
    "data": [
      {
        "text": "I\u0027m interested in the ",
        "userDefined": false
      },
      {
        "text": "smallest",
        "meta": "@size",
        "alias": "size",
        "userDefined": true
      },
      {
        "text": " one",
        "userDefined": false
      }
    ],
    "isTemplate": false,
    "count": 0,
    "lang": "en",
    "updated": 0
  },
  {
    "id": "f1c48e7a-9016-409a-bc28-02bfbcd547bc",
    "data": [
      {
        "text": "Which of those is the ",
        "userDefined": false
      },
      {
        "text": "lowest",
        "meta": "@price_status",
        "alias": "price_status",
        "userDefined": true
      },
      {
        "text": " priced?",
        "userDefined": false
      }
    ],
    "isTemplate": false,
    "count": 0,
    "lang": "en",
    "updated": 0
  },
  {
    "id": "8699723d-9b56-4dc3-9397-a84b8bc46c2c",
    "data": [
      {
        "text": "Which of those is the ",
        "userDefined": false
      },
      {
        "text": "largest",
        "meta": "@size",
        "alias": "size",
        "userDefined": true
      },
      {
        "text": "?",
        "userDefined": false
      }
    ],
    "isTemplate": false,
    "count": 0,
    "lang": "en",
    "updated": 0
  },
  {
    "id": "bf018512-b730-41d7-9560-49a4f93a95fa",
    "data": [
      {
        "text": "What is the ",
        "userDefined": false
      },
      {
        "text": "biggest",
        "meta": "@size",
        "alias": "size",
        "userDefined": true
      },
      {
        "text": " product?",
        "userDefined": false
      }
    ],
    "isTemplate": false,
    "count": 0,
    "lang": "en",
    "updated": 0
  },
  {
    "id": "b0e57f06-d104-4ea2-b192-ad2c9288aec8",
    "data": [
      {
        "text": "Show me the most ",
        "userDefined": false
      },
      {
        "text": "expensive",
        "meta": "@price_status",
        "alias": "price_status",
        "userDefined": false
      },
      {
        "text": " item",
        "userDefined": false
      }
    ],
    "isTemplate": false,
    "count": 0,
    "lang": "en",
    "updated": 0
  },
  {
    "id": "22d18d64-8a1f-49bb-8095-9948a5158b79",
    "data": [
      {
        "text": "Show me the ",
        "userDefined": false
      },
      {
        "text": "cheapest",
        "meta": "@price_status",
        "alias": "price_status",
        "userDefined": true
      },
      {
        "text": " item",
        "userDefined": false
      }
    ],
    "isTemplate": false,
    "count": 0,
    "lang": "en",
    "updated": 0
  }
]