[
  {
    "id": "1f151832-9ff9-46ca-bb07-12e2229035c0",
    "data": [
      {
        "text": "Do you have any coffee ",
        "userDefined": false
      },
      {
        "text": "tables",
        "meta": "@category",
        "alias": "category",
        "userDefined": false
      },
      {
        "text": " ",
        "userDefined": false
      },
      {
        "text": "between",
        "meta": "@price_status",
        "alias": "price_status",
        "userDefined": true
      },
      {
        "text": " ",
        "userDefined": false
      },
      {
        "text": "50 and 250 eur",
        "meta": "@sys.unit-currency",
        "alias": "unit-currency",
        "userDefined": false
      },
      {
        "text": "?",
        "userDefined": false
      }
    ],
    "isTemplate": false,
    "count": 0,
    "lang": "en",
    "updated": 0
  },
  {
    "id": "17921b58-b059-49c7-8b01-9a5a55b13acd",
    "data": [
      {
        "text": "Is it possible to purchase a ",
        "userDefined": false
      },
      {
        "text": "large",
        "meta": "@size",
        "alias": "size",
        "userDefined": true
      },
      {
        "text": " ",
        "userDefined": false
      },
      {
        "text": "stool",
        "meta": "@category",
        "alias": "category",
        "userDefined": true
      },
      {
        "text": " for ",
        "userDefined": false
      },
      {
        "text": "close",
        "meta": "@price_status",
        "alias": "price_status",
        "userDefined": false
      },
      {
        "text": " to ",
        "userDefined": false
      },
      {
        "text": "45 eur",
        "meta": "@sys.unit-currency",
        "alias": "unit-currency",
        "userDefined": false
      },
      {
        "text": "?",
        "userDefined": false
      }
    ],
    "isTemplate": false,
    "count": 0,
    "lang": "en",
    "updated": 0
  },
  {
    "id": "551ca310-fa58-4089-9a27-d8b7e99e2047",
    "data": [
      {
        "text": "do you have any ",
        "userDefined": false
      },
      {
        "text": "wall cabinets",
        "meta": "@category",
        "alias": "category",
        "userDefined": true
      },
      {
        "text": " for sale as I would like to buy ",
        "userDefined": false
      },
      {
        "text": "one",
        "userDefined": false
      },
      {
        "text": " for ",
        "userDefined": false
      },
      {
        "text": "roughly",
        "meta": "@price_status",
        "alias": "price_status",
        "userDefined": true
      },
      {
        "text": " ",
        "userDefined": false
      },
      {
        "text": "150 eur",
        "meta": "@sys.unit-currency",
        "alias": "unit-currency",
        "userDefined": false
      }
    ],
    "isTemplate": false,
    "count": 0,
    "lang": "en",
    "updated": 0
  },
  {
    "id": "53e9ca3d-1bce-498d-b3de-237a31aafc60",
    "data": [
      {
        "text": "I would like to buy ",
        "userDefined": false
      },
      {
        "text": "huge",
        "meta": "@size",
        "alias": "size",
        "userDefined": true
      },
      {
        "text": " ",
        "userDefined": false
      },
      {
        "text": "pictures",
        "meta": "@category",
        "alias": "category",
        "userDefined": false
      },
      {
        "text": " costing ",
        "userDefined": false
      },
      {
        "text": "something",
        "meta": "@price_status",
        "alias": "price_status",
        "userDefined": false
      },
      {
        "text": " like ",
        "userDefined": false
      },
      {
        "text": "30 eur",
        "meta": "@sys.unit-currency",
        "alias": "unit-currency",
        "userDefined": false
      }
    ],
    "isTemplate": false,
    "count": 0,
    "lang": "en",
    "updated": 0
  },
  {
    "id": "65dd8e09-5fc0-4a50-9604-c65e3361cade",
    "data": [
      {
        "text": "Show me some ",
        "userDefined": false
      },
      {
        "text": "bedside tables",
        "meta": "@category",
        "alias": "category",
        "userDefined": false
      },
      {
        "text": " costing ",
        "userDefined": false
      },
      {
        "text": "around",
        "meta": "@price_status",
        "alias": "price_status",
        "userDefined": false
      },
      {
        "text": " ",
        "userDefined": false
      },
      {
        "text": "100 euros",
        "meta": "@sys.unit-currency",
        "alias": "unit-currency",
        "userDefined": false
      }
    ],
    "isTemplate": false,
    "count": 0,
    "lang": "en",
    "updated": 0
  },
  {
    "id": "61acc7ec-c1e3-42ea-bc54-1acc164b516e",
    "data": [
      {
        "text": "I would like to be some ",
        "userDefined": false
      },
      {
        "text": "small",
        "meta": "@size",
        "alias": "size",
        "userDefined": true
      },
      {
        "text": " ",
        "userDefined": false
      },
      {
        "text": "cushions",
        "meta": "@category",
        "alias": "category",
        "userDefined": false
      },
      {
        "text": " ",
        "userDefined": false
      },
      {
        "text": "between",
        "meta": "@price_status",
        "alias": "price_status",
        "userDefined": true
      },
      {
        "text": " ",
        "userDefined": false
      },
      {
        "text": "10 and 30 euros",
        "meta": "@sys.unit-currency",
        "alias": "unit-currency",
        "userDefined": false
      }
    ],
    "isTemplate": false,
    "count": 0,
    "lang": "en",
    "updated": 0
  },
  {
    "id": "0851edef-4ae7-4079-a101-cc8a051815eb",
    "data": [
      {
        "text": "Show me some ",
        "userDefined": false
      },
      {
        "text": "candles",
        "meta": "@category",
        "alias": "category",
        "userDefined": false
      },
      {
        "text": " ",
        "userDefined": false
      },
      {
        "text": "between",
        "meta": "@price_status",
        "alias": "price_status",
        "userDefined": true
      },
      {
        "text": " ",
        "userDefined": false
      },
      {
        "text": "30",
        "meta": "@sys.unit-currency",
        "alias": "unit-currency",
        "userDefined": false
      },
      {
        "text": " and ",
        "userDefined": false
      },
      {
        "text": "45 euros",
        "meta": "@sys.unit-currency",
        "alias": "unit-currency",
        "userDefined": false
      }
    ],
    "isTemplate": false,
    "count": 0,
    "lang": "en",
    "updated": 0
  },
  {
    "id": "b9893f46-2f47-4745-b511-b1b874a6fbe7",
    "data": [
      {
        "text": "Do you sell ",
        "userDefined": false
      },
      {
        "text": "mirrors",
        "meta": "@category",
        "alias": "category",
        "userDefined": false
      },
      {
        "text": " costing ",
        "userDefined": false
      },
      {
        "text": "not more",
        "meta": "@price_status",
        "alias": "price_status",
        "userDefined": true
      },
      {
        "text": " than ",
        "userDefined": false
      },
      {
        "text": "45 euros",
        "meta": "@sys.unit-currency",
        "alias": "unit-currency",
        "userDefined": false
      },
      {
        "text": "?",
        "userDefined": false
      }
    ],
    "isTemplate": false,
    "count": 0,
    "lang": "en",
    "updated": 0
  },
  {
    "id": "e6e8a014-66b2-442e-83ad-fd9f9ff6c4a9",
    "data": [
      {
        "text": "Show me some ",
        "userDefined": false
      },
      {
        "text": "carpets",
        "meta": "@category",
        "alias": "category",
        "userDefined": false
      },
      {
        "text": " costing ",
        "userDefined": false
      },
      {
        "text": "below",
        "meta": "@price_status",
        "alias": "price_status",
        "userDefined": false
      },
      {
        "text": " ",
        "userDefined": false
      },
      {
        "text": "100 euros",
        "meta": "@sys.unit-currency",
        "alias": "unit-currency",
        "userDefined": false
      }
    ],
    "isTemplate": false,
    "count": 0,
    "lang": "en",
    "updated": 0
  },
  {
    "id": "f71dfa5a-0e73-4bea-b0e9-81cae1078532",
    "data": [
      {
        "text": "Is it possible to buy a chest of ",
        "userDefined": false
      },
      {
        "text": "drawers",
        "meta": "@category",
        "alias": "category",
        "userDefined": false
      },
      {
        "text": " ",
        "userDefined": false
      },
      {
        "text": "under",
        "meta": "@price_status",
        "alias": "price_status",
        "userDefined": true
      },
      {
        "text": " ",
        "userDefined": false
      },
      {
        "text": "200€",
        "meta": "@sys.unit-currency",
        "alias": "unit-currency",
        "userDefined": false
      },
      {
        "text": "?",
        "userDefined": false
      }
    ],
    "isTemplate": false,
    "count": 0,
    "lang": "en",
    "updated": 0
  },
  {
    "id": "9e7597d3-4af9-4fb9-91bb-61a3524b9401",
    "data": [
      {
        "text": "I would like to buy some ",
        "userDefined": false
      },
      {
        "text": "tiny",
        "meta": "@size",
        "alias": "size",
        "userDefined": true
      },
      {
        "text": " ",
        "userDefined": false
      },
      {
        "text": "premium",
        "meta": "@price_status",
        "alias": "price_status",
        "userDefined": true
      },
      {
        "text": " ",
        "userDefined": false
      },
      {
        "text": "light bulbs",
        "meta": "@category",
        "alias": "category",
        "userDefined": true
      }
    ],
    "isTemplate": false,
    "count": 0,
    "lang": "en",
    "updated": 0
  },
  {
    "id": "ea04aefb-438a-455b-8f08-c10723125dfa",
    "data": [
      {
        "text": "Show me ",
        "userDefined": false
      },
      {
        "text": "glassware",
        "meta": "@category",
        "alias": "category",
        "userDefined": true
      },
      {
        "text": " that costs ",
        "userDefined": false
      },
      {
        "text": "under",
        "meta": "@price_status",
        "alias": "price_status",
        "userDefined": true
      },
      {
        "text": " ",
        "userDefined": false
      },
      {
        "text": "15 euros",
        "meta": "@sys.unit-currency",
        "alias": "unit-currency",
        "userDefined": false
      }
    ],
    "isTemplate": false,
    "count": 0,
    "lang": "en",
    "updated": 0
  },
  {
    "id": "8a8734de-6c83-429a-81b7-5713f54250a2",
    "data": [
      {
        "text": "Do you have any ",
        "userDefined": false
      },
      {
        "text": "low-budget",
        "meta": "@price_status",
        "alias": "price_status",
        "userDefined": true
      },
      {
        "text": " ",
        "userDefined": false
      },
      {
        "text": "armchairs",
        "meta": "@category",
        "alias": "category",
        "userDefined": true
      },
      {
        "text": " in stock?",
        "userDefined": false
      }
    ],
    "isTemplate": false,
    "count": 0,
    "lang": "en",
    "updated": 0
  },
  {
    "id": "218a702d-684f-491f-a2f3-00499955c8c5",
    "data": [
      {
        "text": "I\u0027m interested in a ",
        "userDefined": false
      },
      {
        "text": "sofa",
        "meta": "@category",
        "alias": "category",
        "userDefined": true
      },
      {
        "text": " costing ",
        "userDefined": false
      },
      {
        "text": "over",
        "meta": "@price_status",
        "alias": "price_status",
        "userDefined": true
      },
      {
        "text": " ",
        "userDefined": false
      },
      {
        "text": "200€",
        "meta": "@sys.unit-currency",
        "alias": "unit-currency",
        "userDefined": false
      }
    ],
    "isTemplate": false,
    "count": 0,
    "lang": "en",
    "updated": 0
  },
  {
    "id": "f48c9613-f1b1-4fec-803a-ea66f242df05",
    "data": [
      {
        "text": "I would like to buy a ",
        "userDefined": false
      },
      {
        "text": "small",
        "meta": "@size",
        "alias": "size",
        "userDefined": true
      },
      {
        "text": " dining ",
        "userDefined": false
      },
      {
        "text": "table",
        "meta": "@category",
        "alias": "category",
        "userDefined": false
      },
      {
        "text": " ",
        "userDefined": false
      },
      {
        "text": "under",
        "meta": "@price_status",
        "alias": "price_status",
        "userDefined": true
      },
      {
        "text": " ",
        "userDefined": false
      },
      {
        "text": "200 E",
        "meta": "@sys.unit-currency",
        "alias": "unit-currency",
        "userDefined": false
      }
    ],
    "isTemplate": false,
    "count": 0,
    "lang": "en",
    "updated": 0
  },
  {
    "id": "3519f4b4-1483-4942-99be-64de3bae46d9",
    "data": [
      {
        "text": "Do you have ",
        "userDefined": false
      },
      {
        "text": "cheap",
        "meta": "@price_status",
        "alias": "price_status",
        "userDefined": true
      },
      {
        "text": " ",
        "userDefined": false
      },
      {
        "text": "chargers",
        "meta": "@category",
        "alias": "category",
        "userDefined": true
      },
      {
        "text": "?",
        "userDefined": false
      }
    ],
    "isTemplate": false,
    "count": 0,
    "lang": "en",
    "updated": 0
  },
  {
    "id": "bd78f4c6-8bcf-456a-bbb7-fb8783f1e144",
    "data": [
      {
        "text": "Are there any ",
        "userDefined": false
      },
      {
        "text": "large",
        "meta": "@size",
        "alias": "size",
        "userDefined": true
      },
      {
        "text": " ",
        "userDefined": false
      },
      {
        "text": "budget",
        "meta": "@price_status",
        "alias": "price_status",
        "userDefined": true
      },
      {
        "text": " ",
        "userDefined": false
      },
      {
        "text": "speakers",
        "meta": "@category",
        "alias": "category",
        "userDefined": true
      },
      {
        "text": " available?",
        "userDefined": false
      }
    ],
    "isTemplate": false,
    "count": 0,
    "lang": "en",
    "updated": 0
  },
  {
    "id": "d20ccf7f-f6ba-43c7-bb5e-378599fd9450",
    "data": [
      {
        "text": "Do you sell ",
        "userDefined": false
      },
      {
        "text": "quality",
        "meta": "@price_status",
        "alias": "price_status",
        "userDefined": true
      },
      {
        "text": " ",
        "userDefined": false
      },
      {
        "text": "sinks",
        "meta": "@category",
        "alias": "category",
        "userDefined": false
      },
      {
        "text": " ",
        "userDefined": false
      },
      {
        "text": "costing over",
        "meta": "@price_status",
        "alias": "price_status",
        "userDefined": true
      },
      {
        "text": " ",
        "userDefined": false
      },
      {
        "text": "100 eur",
        "meta": "@sys.unit-currency",
        "alias": "unit-currency",
        "userDefined": true
      },
      {
        "text": "?",
        "userDefined": false
      }
    ],
    "isTemplate": false,
    "count": 0,
    "lang": "en",
    "updated": 0
  },
  {
    "id": "0e12a6c9-31bc-42df-a74b-ecf14d3d4742",
    "data": [
      {
        "text": "Show me a ",
        "userDefined": false
      },
      {
        "text": "mattress",
        "meta": "@category",
        "alias": "category",
        "userDefined": false
      },
      {
        "text": " ",
        "userDefined": false
      },
      {
        "text": "under",
        "meta": "@price_status",
        "alias": "price_status",
        "userDefined": true
      },
      {
        "text": " ",
        "userDefined": false
      },
      {
        "text": "100",
        "meta": "@sys.unit-currency",
        "alias": "unit-currency",
        "userDefined": true
      },
      {
        "text": "€",
        "userDefined": false
      }
    ],
    "isTemplate": false,
    "count": 0,
    "lang": "en",
    "updated": 0
  }
]