[
  {
    "id": "7524804b-2b3e-4e89-824b-e228f2bcfece",
    "data": [
      {
        "text": "Can you tell me what products are for sale?",
        "userDefined": false
      }
    ],
    "isTemplate": false,
    "count": 0,
    "lang": "en",
    "updated": 0
  },
  {
    "id": "0c805ac0-1ba5-4f00-9add-15f89f5bd367",
    "data": [
      {
        "text": "Can you help me pick an item?",
        "userDefined": false
      }
    ],
    "isTemplate": false,
    "count": 0,
    "lang": "en",
    "updated": 0
  },
  {
    "id": "e1973a00-0d85-4911-8458-ba54132860fb",
    "data": [
      {
        "text": "What can I ask you?",
        "userDefined": false
      }
    ],
    "isTemplate": false,
    "count": 0,
    "lang": "en",
    "updated": 0
  },
  {
    "id": "c17bfc8c-ae66-4282-bca1-b5de35957910",
    "data": [
      {
        "text": "How do I proceed?",
        "userDefined": false
      }
    ],
    "isTemplate": false,
    "count": 0,
    "lang": "en",
    "updated": 0
  },
  {
    "id": "c025b816-ab69-456e-80f3-c9cde91e011e",
    "data": [
      {
        "text": "What can I ask you questions about?",
        "userDefined": false
      }
    ],
    "isTemplate": false,
    "count": 0,
    "lang": "en",
    "updated": 0
  },
  {
    "id": "4fedd31e-1815-4e08-a367-707c84652ded",
    "data": [
      {
        "text": "How do I speak to you?",
        "userDefined": false
      }
    ],
    "isTemplate": false,
    "count": 0,
    "lang": "en",
    "updated": 0
  },
  {
    "id": "48952802-09c9-426f-9e4a-57ad4755980f",
    "data": [
      {
        "text": "How do I use this tool?",
        "userDefined": false
      }
    ],
    "isTemplate": false,
    "count": 0,
    "lang": "en",
    "updated": 0
  }
]