[
  {
    "id": "ccea9a30-85fd-43ed-bb81-95689b6408e2",
    "data": [
      {
        "text": "What type of shop is IKEA?",
        "userDefined": false
      }
    ],
    "isTemplate": false,
    "count": 0,
    "lang": "en",
    "updated": 0
  },
  {
    "id": "6ae913a3-7993-4f1e-8bc0-c45557a7b807",
    "data": [
      {
        "text": "What kind of shop is this?",
        "userDefined": false
      }
    ],
    "isTemplate": false,
    "count": 0,
    "lang": "en",
    "updated": 0
  },
  {
    "id": "fb50325c-b916-4ab2-8a74-f8f0e4466d82",
    "data": [
      {
        "text": "What is the inverntory of you shop?",
        "userDefined": false
      }
    ],
    "isTemplate": false,
    "count": 0,
    "lang": "en",
    "updated": 0
  },
  {
    "id": "4b29c59d-6724-461c-aa73-e3375a43167e",
    "data": [
      {
        "text": "What does IKEA sell?",
        "userDefined": false
      }
    ],
    "isTemplate": false,
    "count": 0,
    "lang": "en",
    "updated": 0
  },
  {
    "id": "80c30451-3391-4673-9263-6fda98cee87e",
    "data": [
      {
        "text": "What sort of products do you sell?",
        "userDefined": false
      }
    ],
    "isTemplate": false,
    "count": 0,
    "lang": "en",
    "updated": 0
  },
  {
    "id": "54aa622b-bd68-42b7-8b84-d64ba994ff73",
    "data": [
      {
        "text": "What can I buy here?",
        "userDefined": false
      }
    ],
    "isTemplate": false,
    "count": 0,
    "lang": "en",
    "updated": 0
  },
  {
    "id": "5c69ce24-31f8-447e-9358-caa72196ebc4",
    "data": [
      {
        "text": "What do you sell?",
        "userDefined": false
      }
    ],
    "isTemplate": false,
    "count": 0,
    "lang": "en",
    "updated": 0
  }
]