[
  {
    "value": "bags-and-travel-accessories",
    "synonyms": [
      "bags and travel accessories"
    ]
  },
  {
    "value": "smart-power",
    "synonyms": [
      "smart power"
    ]
  },
  {
    "value": "speakers-sound-accessories",
    "synonyms": [
      "speakers sound accessories"
    ]
  },
  {
    "value": "power-supply-and-charging",
    "synonyms": [
      "power supply and charging"
    ]
  },
  {
    "value": "gaming",
    "synonyms": [
      "gaming"
    ]
  },
  {
    "value": "home-desk-storage",
    "synonyms": [
      "home desk storage"
    ]
  },
  {
    "value": "home-desks",
    "synonyms": [
      "home desks"
    ]
  },
  {
    "value": "home-office-chairs",
    "synonyms": [
      "home office chairs"
    ]
  },
  {
    "value": "complementary-workspaces-items",
    "synonyms": [
      "complementary workspaces items"
    ]
  },
  {
    "value": "accessories-for-installation",
    "synonyms": [
      "accessories for installation"
    ]
  },
  {
    "value": "table-lamps",
    "synonyms": [
      "table lamps"
    ]
  },
  {
    "value": "office-desks",
    "synonyms": [
      "office desks"
    ]
  },
  {
    "value": "stationery-organisers",
    "synonyms": [
      "stationery organisers"
    ]
  },
  {
    "value": "desks-and-chairs-for-children",
    "synonyms": [
      "desks and chairs for children"
    ]
  },
  {
    "value": "open-shelving-units",
    "synonyms": [
      "open shelving units"
    ]
  },
  {
    "value": "office-chairs",
    "synonyms": [
      "office chairs"
    ]
  },
  {
    "value": "sofas",
    "synonyms": [
      "sofas"
    ]
  },
  {
    "value": "furniture-for-small-children",
    "synonyms": [
      "furniture for small children"
    ]
  },
  {
    "value": "sofa-beds",
    "synonyms": [
      "sofa beds"
    ]
  },
  {
    "value": "bookcases",
    "synonyms": [
      "bookcases"
    ]
  },
  {
    "value": "wall-shelves",
    "synonyms": [
      "wall shelves"
    ]
  },
  {
    "value": "boxes-and-baskets",
    "synonyms": [
      "boxes and baskets",
      "boxes",
      "baskets"
    ]
  },
  {
    "value": "solitaire-cabinets",
    "synonyms": [
      "solitaire cabinets"
    ]
  },
  {
    "value": "tv-benches",
    "synonyms": [
      "tv benches"
    ]
  },
  {
    "value": "office-storage",
    "synonyms": [
      "office storage"
    ]
  },
  {
    "value": "boards",
    "synonyms": [
      "boards"
    ]
  },
  {
    "value": "wall-accessories",
    "synonyms": [
      "wall accessories"
    ]
  },
  {
    "value": "air-purifiers-accessories",
    "synonyms": [
      "air purifiers accessories",
      "air purifiers"
    ]
  },
  {
    "value": "children-s-storage-accessories",
    "synonyms": [
      "children s storage accessories",
      "children\u0027s storage"
    ]
  },
  {
    "value": "knobs-and-handles",
    "synonyms": [
      "knobs and handles",
      "knobs",
      "handles"
    ]
  },
  {
    "value": "cooking-textiles",
    "synonyms": [
      "cooking textiles"
    ]
  },
  {
    "value": "food-containers",
    "synonyms": [
      "food containers"
    ]
  },
  {
    "value": "jar-and-tins",
    "synonyms": [
      "jar and tins",
      "jars",
      "tins",
      "jar"
    ]
  },
  {
    "value": "knives",
    "synonyms": [
      "knives",
      "knife"
    ]
  },
  {
    "value": "frying-pans-woks",
    "synonyms": [
      "frying pans woks",
      "frying pans",
      "pans",
      "pan"
    ]
  },
  {
    "value": "pots-accessories",
    "synonyms": [
      "pots accessories"
    ]
  },
  {
    "value": "bakeware",
    "synonyms": [
      "bakeware"
    ]
  },
  {
    "value": "chopping-boards",
    "synonyms": [
      "chopping boards"
    ]
  },
  {
    "value": "kitchen-gadgets",
    "synonyms": [
      "kitchen gadgets"
    ]
  },
  {
    "value": "ovenware",
    "synonyms": [
      "ovenware"
    ]
  },
  {
    "value": "kitchen-utensils",
    "synonyms": [
      "kitchen utensils"
    ]
  },
  {
    "value": "cups-mugs",
    "synonyms": [
      "cups mugs",
      "cup",
      "mug",
      "cups",
      "mugs"
    ]
  },
  {
    "value": "dinnerware-and-serving",
    "synonyms": [
      "dinnerware and serving"
    ]
  },
  {
    "value": "jug-and-carafes",
    "synonyms": [
      "jug and carafes",
      "jug",
      "carafes",
      "jugs"
    ]
  },
  {
    "value": "glasses",
    "synonyms": [
      "glasses",
      "glass"
    ]
  },
  {
    "value": "cutlery",
    "synonyms": [
      "cutlery"
    ]
  },
  {
    "value": "trays",
    "synonyms": [
      "trays"
    ]
  },
  {
    "value": "coffee-tea-makers",
    "synonyms": [
      "coffee tea makers",
      "coffee maker",
      "tea maker"
    ]
  },
  {
    "value": "napkins-napkinholders",
    "synonyms": [
      "napkins napkinholders",
      "napkin"
    ]
  },
  {
    "value": "table-linen",
    "synonyms": [
      "table linen"
    ]
  },
  {
    "value": "sorting-bins",
    "synonyms": [
      "sorting bins"
    ]
  },
  {
    "value": "kitchen-interior-organisers",
    "synonyms": [
      "kitchen interior organisers"
    ]
  },
  {
    "value": "sofa-tables",
    "synonyms": [
      "sofa tables"
    ]
  },
  {
    "value": "outdoor-sofas-armchairs",
    "synonyms": [
      "outdoor sofas armchairs"
    ]
  },
  {
    "value": "armchairs",
    "synonyms": [
      "armchairs",
      "armchair"
    ]
  },
  {
    "value": "footstools",
    "synonyms": [
      "footstools"
    ]
  },
  {
    "value": "system-cabinets",
    "synonyms": [
      "system cabinets"
    ]
  },
  {
    "value": "display-cabinets",
    "synonyms": [
      "display cabinets"
    ]
  },
  {
    "value": "integrated-lighting",
    "synonyms": [
      "integrated lighting"
    ]
  },
  {
    "value": "ceiling-lamps-and-spotlights",
    "synonyms": [
      "ceiling lamps and spotlights",
      "ceiling lamp",
      "spotlight"
    ]
  },
  {
    "value": "outdoor-lighting-and-lighting-chains",
    "synonyms": [
      "outdoor lighting and lighting chains",
      "outdoor lighting",
      "lighting chains"
    ]
  },
  {
    "value": "floor-lamps",
    "synonyms": [
      "floor lamps"
    ]
  },
  {
    "value": "light-bulbs",
    "synonyms": [
      "light bulbs"
    ]
  },
  {
    "value": "clamp-and-wall-lamps",
    "synonyms": [
      "clamp and wall lamps",
      "clamp lamp",
      "wall lamp"
    ]
  },
  {
    "value": "pendant-lamps",
    "synonyms": [
      "pendant lamps"
    ]
  },
  {
    "value": "seasonal-lighting",
    "synonyms": [
      "seasonal lighting"
    ]
  },
  {
    "value": "shades-bases-and-cord-sets",
    "synonyms": [
      "shades bases and cord sets"
    ]
  },
  {
    "value": "smart-lighting",
    "synonyms": [
      "smart lighting"
    ]
  },
  {
    "value": "cushions",
    "synonyms": [
      "cushions",
      "cushion"
    ]
  },
  {
    "value": "mirrors",
    "synonyms": [
      "mirrors",
      "mirror"
    ]
  },
  {
    "value": "throws",
    "synonyms": [
      "throws"
    ]
  },
  {
    "value": "frames",
    "synonyms": [
      "frames",
      "frame"
    ]
  },
  {
    "value": "candles",
    "synonyms": [
      "candles",
      "candle"
    ]
  },
  {
    "value": "other-bedroom-furniture",
    "synonyms": [
      "other bedroom furniture"
    ]
  },
  {
    "value": "candleholders",
    "synonyms": [
      "candleholders"
    ]
  },
  {
    "value": "artificial-plants",
    "synonyms": [
      "artificial plants"
    ]
  },
  {
    "value": "clocks",
    "synonyms": [
      "clocks",
      "clock"
    ]
  },
  {
    "value": "vases-and-bowls",
    "synonyms": [
      "vases and bowls"
    ]
  },
  {
    "value": "plant-pots",
    "synonyms": [
      "plant pots"
    ]
  },
  {
    "value": "plants",
    "synonyms": [
      "plants",
      "plant"
    ]
  },
  {
    "value": "artificial-flowers",
    "synonyms": [
      "artificial flowers"
    ]
  },
  {
    "value": "pictures",
    "synonyms": [
      "pictures",
      "picture"
    ]
  },
  {
    "value": "holiday-decoration",
    "synonyms": [
      "holiday decoration"
    ]
  },
  {
    "value": "curtains-and-window-panels",
    "synonyms": [
      "curtains and window panels",
      "curtain",
      "window panel"
    ]
  },
  {
    "value": "curtain-rods-and-systems",
    "synonyms": [
      "curtain rods and systems",
      "curtain rod",
      "curtain system"
    ]
  },
  {
    "value": "blinds",
    "synonyms": [
      "blinds"
    ]
  },
  {
    "value": "metre-fabrics",
    "synonyms": [
      "metre fabrics"
    ]
  },
  {
    "value": "small-rugs-and-runners",
    "synonyms": [
      "small rugs and runners",
      "small rug",
      "small runner"
    ]
  },
  {
    "value": "doormats-accessories",
    "synonyms": [
      "doormats accessories"
    ]
  },
  {
    "value": "rugs",
    "synonyms": [
      "rugs"
    ]
  },
  {
    "value": "textiles-for-small-children",
    "synonyms": [
      "textiles for small children"
    ]
  },
  {
    "value": "oriental-rugs",
    "synonyms": [
      "oriental rugs"
    ]
  },
  {
    "value": "textiles-for-children",
    "synonyms": [
      "textiles for children"
    ]
  },
  {
    "value": "textiles-for-babies",
    "synonyms": [
      "textiles for babies"
    ]
  },
  {
    "value": "beds-for-children",
    "synonyms": [
      "beds for children"
    ]
  },
  {
    "value": "bed-frames",
    "synonyms": [
      "bed frames",
      "bed frame"
    ]
  },
  {
    "value": "day-beds",
    "synonyms": [
      "day beds"
    ]
  },
  {
    "value": "underbed-storage-headboards",
    "synonyms": [
      "underbed storage headboards"
    ]
  },
  {
    "value": "bases-and-slats",
    "synonyms": [
      "bases and slats",
      "bases",
      "slat"
    ]
  },
  {
    "value": "mattresses",
    "synonyms": [
      "mattresses"
    ]
  },
  {
    "value": "cot-mattresses",
    "synonyms": [
      "cot mattresses"
    ]
  },
  {
    "value": "mattress-pads",
    "synonyms": [
      "mattress pads"
    ]
  },
  {
    "value": "mattress-and-pillow-protectors",
    "synonyms": [
      "mattress and pillow protectors",
      "pillow protectors"
    ]
  },
  {
    "value": "hangers-and-acc-for-clothes-and-shoes",
    "synonyms": [
      "hangers and acc for clothes and shoes"
    ]
  },
  {
    "value": "clothes-and-shoe-organisers",
    "synonyms": [
      "clothes and shoe organisers"
    ]
  },
  {
    "value": "system-wardrobes",
    "synonyms": [
      "system wardrobes"
    ]
  },
  {
    "value": "interior-organisers",
    "synonyms": [
      "interior organisers"
    ]
  },
  {
    "value": "hallway-furniture",
    "synonyms": [
      "hallway furniture"
    ]
  },
  {
    "value": "solitaire-wardrobes",
    "synonyms": [
      "solitaire wardrobes"
    ]
  },
  {
    "value": "open-storage-systems",
    "synonyms": [
      "open storage systems"
    ]
  },
  {
    "value": "secondary-storage",
    "synonyms": [
      "secondary storage"
    ]
  },
  {
    "value": "outdoor-organising",
    "synonyms": [
      "outdoor organising"
    ]
  },
  {
    "value": "secondary-storage-systems",
    "synonyms": [
      "secondary storage systems"
    ]
  },
  {
    "value": "chest-of-drawers",
    "synonyms": [
      "chest of drawers"
    ]
  },
  {
    "value": "bedside-tables",
    "synonyms": [
      "bedside tables",
      "bedside table"
    ]
  },
  {
    "value": "quilt-covers",
    "synonyms": [
      "quilt covers"
    ]
  },
  {
    "value": "sheets-and-pillow-cases",
    "synonyms": [
      "sheets and pillow cases"
    ]
  },
  {
    "value": "quilts",
    "synonyms": [
      "quilts"
    ]
  },
  {
    "value": "pillows",
    "synonyms": [
      "pillows"
    ]
  },
  {
    "value": "bedspreads",
    "synonyms": [
      "bedspreads"
    ]
  },
  {
    "value": "freestanding-kitchens",
    "synonyms": [
      "freestanding kitchens"
    ]
  },
  {
    "value": "kitchen-furniture",
    "synonyms": [
      "kitchen furniture"
    ]
  },
  {
    "value": "other-small-furniture",
    "synonyms": [
      "other small furniture"
    ]
  },
  {
    "value": "bathroom-furniture",
    "synonyms": [
      "bathroom furniture"
    ]
  },
  {
    "value": "chairs-and-benches",
    "synonyms": [
      "chairs and benches"
    ]
  },
  {
    "value": "kitchen-fronts-coverpanels-plinths-and-deco-strips",
    "synonyms": [
      "kitchen fronts coverpanels plinths and deco strips"
    ]
  },
  {
    "value": "kitchen-accessories",
    "synonyms": [
      "kitchen accessories"
    ]
  },
  {
    "value": "bathroom-sinks",
    "synonyms": [
      "bathroom sinks",
      "bathroom sink"
    ]
  },
  {
    "value": "bathroom-taps",
    "synonyms": [
      "bathroom taps"
    ]
  },
  {
    "value": "shower-mixers-and-accessories",
    "synonyms": [
      "shower mixers and accessories"
    ]
  },
  {
    "value": "shower-walls",
    "synonyms": [
      "shower walls"
    ]
  },
  {
    "value": "shower-curtain-rods",
    "synonyms": [
      "shower curtain rods"
    ]
  },
  {
    "value": "shower-curtains",
    "synonyms": [
      "shower curtains",
      "shower curtain"
    ]
  },
  {
    "value": "bathroom-lighting",
    "synonyms": [
      "bathroom lighting"
    ]
  },
  {
    "value": "bathmats",
    "synonyms": [
      "bathmats",
      "bathmat"
    ]
  },
  {
    "value": "towels",
    "synonyms": [
      "towels",
      "towel"
    ]
  },
  {
    "value": "bathroom-accessories",
    "synonyms": [
      "bathroom accessories"
    ]
  },
  {
    "value": "bathroom-shower-and-toilet-solutions",
    "synonyms": [
      "bathroom shower and toilet solutions"
    ]
  },
  {
    "value": "bathroom-hooks-and-hangers",
    "synonyms": [
      "bathroom hooks and hangers"
    ]
  },
  {
    "value": "cleaning-and-cleaning-accessories",
    "synonyms": [
      "cleaning and cleaning accessories",
      "cleaning",
      "cleaning accessories"
    ]
  },
  {
    "value": "laundry-and-laundry-accessories",
    "synonyms": [
      "laundry and laundry accessories",
      "laundry",
      "laundry accessories"
    ]
  },
  {
    "value": "washing-machines",
    "synonyms": [
      "washing machines"
    ]
  },
  {
    "value": "extractor-hoods",
    "synonyms": [
      "extractor hoods"
    ]
  },
  {
    "value": "hobs",
    "synonyms": [
      "hobs"
    ]
  },
  {
    "value": "other-appliances-accessories",
    "synonyms": [
      "other appliances accessories"
    ]
  },
  {
    "value": "ovens",
    "synonyms": [
      "ovens",
      "oven"
    ]
  },
  {
    "value": "microwave-ovens",
    "synonyms": [
      "microwave ovens"
    ]
  },
  {
    "value": "combi-ovens",
    "synonyms": [
      "combi ovens"
    ]
  },
  {
    "value": "extractor-hoods-accessories",
    "synonyms": [
      "extractor hoods accessories"
    ]
  },
  {
    "value": "fridges",
    "synonyms": [
      "fridges",
      "fridge"
    ]
  },
  {
    "value": "dishwashers",
    "synonyms": [
      "dishwashers"
    ]
  },
  {
    "value": "fridge-freezers",
    "synonyms": [
      "fridge freezers"
    ]
  },
  {
    "value": "freezers",
    "synonyms": [
      "freezers"
    ]
  },
  {
    "value": "toys-for-babies",
    "synonyms": [
      "toys for babies"
    ]
  },
  {
    "value": "accessories-for-babies",
    "synonyms": [
      "accessories for babies"
    ]
  },
  {
    "value": "cots",
    "synonyms": [
      "cots"
    ]
  },
  {
    "value": "books-and-creativity",
    "synonyms": [
      "books and creativity",
      "books"
    ]
  },
  {
    "value": "changing-tables",
    "synonyms": [
      "changing tables"
    ]
  },
  {
    "value": "highchairs",
    "synonyms": [
      "highchairs"
    ]
  },
  {
    "value": "extendable-beds",
    "synonyms": [
      "extendable beds"
    ]
  },
  {
    "value": "safety-for-babies",
    "synonyms": [
      "safety for babies"
    ]
  },
  {
    "value": "children-s-lighting",
    "synonyms": [
      "children s lighting"
    ]
  },
  {
    "value": "kitchen-fixed-interiors",
    "synonyms": [
      "kitchen fixed interiors"
    ]
  },
  {
    "value": "toys-for-children",
    "synonyms": [
      "toys for children"
    ]
  },
  {
    "value": "mattresses-for-extendable-beds",
    "synonyms": [
      "mattresses for extendable beds"
    ]
  },
  {
    "value": "teenagers-beds",
    "synonyms": [
      "teenagers beds"
    ]
  },
  {
    "value": "accessories-for-children",
    "synonyms": [
      "accessories for children"
    ]
  },
  {
    "value": "storage-furniture",
    "synonyms": [
      "storage furniture"
    ]
  },
  {
    "value": "outdoor-tables",
    "synonyms": [
      "outdoor tables"
    ]
  },
  {
    "value": "tables",
    "synonyms": [
      "tables"
    ]
  },
  {
    "value": "high-tables",
    "synonyms": [
      "high tables"
    ]
  },
  {
    "value": "garden-chairs-benches-loungers",
    "synonyms": [
      "garden chairs benches loungers"
    ]
  },
  {
    "value": "bar-stools",
    "synonyms": [
      "bar stools"
    ]
  },
  {
    "value": "chairpads",
    "synonyms": [
      "chairpads"
    ]
  },
  {
    "value": "stools",
    "synonyms": [
      "stools",
      "stool"
    ]
  },
  {
    "value": "side-boards",
    "synonyms": [
      "side boards"
    ]
  },
  {
    "value": "kitchen-wall-panels",
    "synonyms": [
      "kitchen wall panels"
    ]
  },
  {
    "value": "outdoor-cushions",
    "synonyms": [
      "outdoor cushions",
      "outdoor cushion"
    ]
  },
  {
    "value": "outdoor-sofas",
    "synonyms": [
      "outdoor sofas",
      "outdoor sofa"
    ]
  },
  {
    "value": "storage-boxes",
    "synonyms": [
      "storage boxes"
    ]
  },
  {
    "value": "bbqs",
    "synonyms": [
      "bbqs"
    ]
  },
  {
    "value": "parasols-gazebos",
    "synonyms": [
      "parasols gazebos"
    ]
  },
  {
    "value": "outdoor-flooring",
    "synonyms": [
      "outdoor flooring"
    ]
  },
  {
    "value": "hooks",
    "synonyms": [
      "hooks"
    ]
  }
]