[
  {
    "value": "large green backpack",
    "synonyms": [
      "satchel",
      "big colorful bag",
      "lime green satchel",
      "grass color bag"
    ]
  },
  {
    "value": "round table",
    "synonyms": [
      "oval table",
      "oval bedside table",
      "round table"
    ]
  },
  {
    "value": "plastic chair",
    "synonyms": [
      "chair",
      "plastic seat"
    ]
  },
  {
    "value": "floormat with text",
    "synonyms": [
      "doormat with text",
      "mat with writting on it",
      "floormat with text"
    ]
  },
  {
    "value": "decorative mirror",
    "synonyms": [
      "small mirror"
    ]
  },
  {
    "value": "lamp with LED",
    "synonyms": [
      "LED lighting",
      "LED bulbs",
      "lamp with LED"
    ]
  },
  {
    "value": "yellow curtain",
    "synonyms": [
      "curtain",
      "shower curtain",
      "blinds",
      "fair blinds",
      "fair fabrics"
    ]
  },
  {
    "value": "modern-style bed",
    "synonyms": [
      "bed",
      "modern bed",
      "new bed"
    ]
  },
  {
    "value": "big square mattress",
    "synonyms": [
      "matresses",
      "large mattress",
      "big quare mattress"
    ]
  },
  {
    "value": "kitchen sink",
    "synonyms": [
      "faucet",
      "utility faucet",
      "kitchen sink"
    ]
  },
  {
    "value": "large plastic storage",
    "synonyms": [
      "large plastic storage",
      "large plastic container",
      "plastic drawer above average size"
    ]
  },
  {
    "value": "old-fashioned wooden bench",
    "synonyms": [
      "bench",
      "outdoor table",
      "wooden outdoor bench",
      "old-fashioned wooden bench"
    ]
  },
  {
    "value": "healthy food",
    "synonyms": [
      "pastries",
      "diet food",
      "non-sugary pastries",
      "ecological food"
    ]
  },
  {
    "value": "nice decoration",
    "synonyms": [
      "simple decorations",
      "nice decoration"
    ]
  }
]