[
  {
    "value": "under",
    "synonyms": [
      "under",
      "below",
      "not more than",
      "less",
      "not more",
      "less than"
    ]
  },
  {
    "value": "over",
    "synonyms": [
      "over",
      "higher than",
      "above",
      "more than",
      "not less than",
      "at least"
    ]
  },
  {
    "value": "cheap",
    "synonyms": [
      "cheap",
      "budget",
      "low-price",
      "affordable",
      "low-cost",
      "economical",
      "lowest",
      "lowest priced",
      "the cheapest",
      "cheapest"
    ]
  },
  {
    "value": "expensive",
    "synonyms": [
      "expensive",
      "costly",
      "premium",
      "big-budget",
      "high-cost",
      "high quality",
      "highest",
      "highest priced",
      "most expensive"
    ]
  },
  {
    "value": "around",
    "synonyms": [
      "around",
      "about",
      "close to",
      "more or less",
      "roughly",
      "approximately",
      "something like"
    ]
  },
  {
    "value": "between",
    "synonyms": [
      "between",
      "bounded by",
      "in the interval",
      "interval",
      "ranging from"
    ]
  }
]